<?xml version="1.0" ?>

<container xmlns="http://symfony.com/schema/dic/services"
    xmlns:xsi="http://www.w3.org/2001/XMLSchema-instance"
    xsi:schemaLocation="http://symfony.com/schema/dic/services http://symfony.com/schema/dic/services/services-1.0.xsd">

    <!--
    <parameters>
        <parameter key="collectible_games_user.example.class">CollectibleGames\UserBundle\Example</parameter>
    </parameters>
    -->
    <services>

        <service id="collectiblegames_user.registration.form.type" class="CollectibleGames\UserBundle\Form\RegistrationFormType">
            <tag name="form.type" alias="collectiblegames_user_registration" />
            <argument>%fos_user.model.user.class%</argument>
        </service>
        <service id="collectiblegames_user.profile.form.type" class="CollectibleGames\UserBundle\Form\ProfileFormType">
            <tag name="form.type" alias="collectiblegames_user_profile" />
            <argument>%fos_user.model.user.class%</argument>
        </service>

	<service id="collectiblegames_user.login" class="CollectibleGames\UserBundle\EventListener\LoginListener">
		<tag name="kernel.event_subscriber"/>
		<argument type="service" id="router"/>
	</service>
    </services>
</container>
